episode,episode_steps,cumulative_steps
0,1000,1000
1,1000,2000
2,1000,3000
3,1000,4000
4,1000,5000
5,1000,6000
6,1000,7000
7,1000,8000
8,1000,9000
9,1000,10000
10,1000,11000
11,1000,12000
12,1000,13000
13,1000,14000
14,1000,15000
15,1000,16000
16,1000,17000
17,1000,18000
18,1000,19000
19,1000,20000
20,1000,21000
21,1000,22000
22,1000,23000
23,1000,24000
24,1000,25000
25,1000,26000
26,1000,27000
27,1000,28000
28,1000,29000
29,1000,30000
30,1000,31000
31,1000,32000
32,1000,33000
33,1000,34000
34,1000,35000
35,1000,36000
36,1000,37000
37,1000,38000
38,1000,39000
39,1000,40000
40,1000,41000
41,1000,42000
42,1000,43000
43,1000,44000
44,1000,45000
45,1000,46000
46,1000,47000
47,1000,48000
48,1000,49000
49,1000,50000
50,1000,51000
51,1000,52000
52,1000,53000
53,1000,54000
54,1000,55000
55,1000,56000
56,1000,57000
57,1000,58000
58,1000,59000
59,1000,60000
60,1000,61000
61,1000,62000
62,1000,63000
63,1000,64000
64,1000,65000
65,1000,66000
66,1000,67000
67,1000,68000
68,1000,69000
69,1000,70000
70,1000,71000
71,1000,72000
72,1000,73000
73,1000,74000
74,1000,75000
75,1000,76000
76,1000,77000
77,1000,78000
78,1000,79000
79,1000,80000
80,1000,81000
81,1000,82000
82,1000,83000
83,1000,84000
84,1000,85000
85,1000,86000
86,1000,87000
87,1000,88000
88,1000,89000
89,1000,90000
90,1000,91000
91,1000,92000
92,1000,93000
93,1000,94000
94,1000,95000
95,1000,96000
96,1000,97000
97,1000,98000
98,1000,99000
99,1000,100000
100,1000,101000
101,1000,102000
102,1000,103000
103,1000,104000
104,1000,105000
105,1000,106000
106,1000,107000
107,1000,108000
108,1000,109000
109,1000,110000
110,1000,111000
111,1000,112000
112,1000,113000
113,1000,114000
114,1000,115000
115,1000,116000
116,1000,117000
117,1000,118000
118,1000,119000
119,1000,120000
120,1000,121000
121,1000,122000
122,1000,123000
123,1000,124000
124,1000,125000
125,1000,126000
126,1000,127000
127,1000,128000
128,1000,129000
129,1000,130000
130,1000,131000
131,1000,132000
132,1000,133000
133,1000,134000
134,1000,135000
135,1000,136000
136,1000,137000
137,1000,138000
138,1000,139000
139,1000,140000
140,1000,141000
141,1000,142000
142,1000,143000
143,1000,144000
144,1000,145000
145,1000,146000
146,1000,147000
147,1000,148000
148,1000,149000
149,1000,150000
150,1000,151000
151,1000,152000
152,1000,153000
153,1000,154000
154,1000,155000
155,1000,156000
156,1000,157000
157,1000,158000
158,1000,159000
159,1000,160000
160,1000,161000
161,1000,162000
162,1000,163000
163,1000,164000
164,1000,165000
165,1000,166000
166,1000,167000
167,1000,168000
168,1000,169000
169,1000,170000
170,1000,171000
171,1000,172000
172,1000,173000
173,1000,174000
174,1000,175000
175,1000,176000
176,1000,177000
177,1000,178000
178,1000,179000
179,1000,180000
180,1000,181000
181,1000,182000
182,1000,183000
183,1000,184000
184,1000,185000
185,1000,186000
186,1000,187000
187,1000,188000
188,1000,189000
189,1000,190000
190,1000,191000
191,1000,192000
192,1000,193000
193,1000,194000
194,1000,195000
195,1000,196000
196,1000,197000
197,1000,198000
198,1000,199000
199,1000,200000
200,1000,201000
201,1000,202000
202,1000,203000
203,1000,204000
204,1000,205000
205,1000,206000
206,1000,207000
207,1000,208000
208,1000,209000
209,1000,210000
210,1000,211000
211,1000,212000
212,1000,213000
213,1000,214000
214,1000,215000
215,1000,216000
216,1000,217000
217,1000,218000
218,1000,219000
219,1000,220000
220,1000,221000
221,1000,222000
222,1000,223000
223,1000,224000
224,1000,225000
225,1000,226000
226,1000,227000
227,1000,228000
228,1000,229000
229,1000,230000
230,1000,231000
231,1000,232000
232,1000,233000
233,1000,234000
234,1000,235000
235,1000,236000
236,1000,237000
237,1000,238000
238,1000,239000
239,1000,240000
240,1000,241000
241,1000,242000
242,1000,243000
243,1000,244000
244,1000,245000
245,1000,246000
246,1000,247000
247,1000,248000
248,1000,249000
249,1000,250000
250,1000,251000
251,1000,252000
252,1000,253000
253,1000,254000
254,1000,255000
255,1000,256000
256,1000,257000
257,1000,258000
258,1000,259000
259,1000,260000
260,1000,261000
261,1000,262000
262,1000,263000
263,1000,264000
264,1000,265000
265,1000,266000
266,1000,267000
267,1000,268000
268,1000,269000
269,1000,270000
270,1000,271000
271,1000,272000
272,1000,273000
273,1000,274000
274,1000,275000
275,1000,276000
276,1000,277000
277,1000,278000
278,1000,279000
279,1000,280000
280,1000,281000
281,1000,282000
282,1000,283000
283,1000,284000
284,1000,285000
285,1000,286000
286,1000,287000
287,1000,288000
288,1000,289000
289,1000,290000
290,1000,291000
291,1000,292000
292,1000,293000
293,1000,294000
294,1000,295000
295,1000,296000
296,1000,297000
297,1000,298000
298,1000,299000
299,1000,300000
300,1000,301000
301,1000,302000
302,1000,303000
303,1000,304000
304,1000,305000
305,1000,306000
306,1000,307000
307,1000,308000
308,1000,309000
309,1000,310000
310,1000,311000
311,1000,312000
312,1000,313000
313,1000,314000
314,1000,315000
315,1000,316000
316,1000,317000
317,1000,318000
318,1000,319000
319,1000,320000
320,1000,321000
321,1000,322000
322,1000,323000
323,1000,324000
324,1000,325000
325,1000,326000
326,1000,327000
327,1000,328000
328,1000,329000
329,1000,330000
330,1000,331000
331,1000,332000
332,1000,333000
333,1000,334000
334,1000,335000
335,1000,336000
336,1000,337000
337,1000,338000
338,1000,339000
339,1000,340000
340,1000,341000
341,1000,342000
342,1000,343000
343,1000,344000
344,1000,345000
345,1000,346000
346,1000,347000
347,1000,348000
348,1000,349000
349,1000,350000
350,1000,351000
351,1000,352000
352,1000,353000
353,1000,354000
354,1000,355000
355,1000,356000
356,1000,357000
357,1000,358000
358,1000,359000
359,1000,360000
360,1000,361000
361,1000,362000
362,1000,363000
363,1000,364000
364,1000,365000
365,1000,366000
366,1000,367000
367,1000,368000
368,1000,369000
369,1000,370000
370,1000,371000
371,1000,372000
372,1000,373000
373,1000,374000
374,1000,375000
375,1000,376000
376,1000,377000
377,1000,378000
378,1000,379000
379,1000,380000
380,1000,381000
381,1000,382000
382,1000,383000
383,1000,384000
384,1000,385000
385,1000,386000
386,1000,387000
387,1000,388000
388,1000,389000
389,1000,390000
390,1000,391000
391,1000,392000
392,1000,393000
393,1000,394000
394,1000,395000
395,1000,396000
396,1000,397000
397,1000,398000
398,1000,399000
399,1000,400000
400,1000,401000
401,1000,402000
402,1000,403000
403,1000,404000
404,1000,405000
405,1000,406000
406,1000,407000
407,1000,408000
408,1000,409000
409,1000,410000
410,1000,411000
411,1000,412000
412,1000,413000
413,1000,414000
414,1000,415000
415,1000,416000
416,1000,417000
417,1000,418000
418,1000,419000
419,1000,420000
420,1000,421000
421,1000,422000
422,1000,423000
423,1000,424000
424,1000,425000
425,1000,426000
426,1000,427000
427,1000,428000
428,1000,429000
429,1000,430000
430,1000,431000
431,1000,432000
432,1000,433000
433,1000,434000
434,1000,435000
435,1000,436000
436,1000,437000
437,1000,438000
438,1000,439000
439,1000,440000
440,1000,441000
441,1000,442000
442,1000,443000
443,1000,444000
444,1000,445000
445,1000,446000
446,1000,447000
447,1000,448000
448,1000,449000
449,1000,450000
450,1000,451000
451,1000,452000
452,1000,453000
453,1000,454000
454,1000,455000
455,1000,456000
456,1000,457000
457,1000,458000
458,1000,459000
459,1000,460000
460,1000,461000
461,1000,462000
462,1000,463000
463,1000,464000
464,1000,465000
465,1000,466000
466,1000,467000
467,1000,468000
468,1000,469000
469,1000,470000
470,1000,471000
471,1000,472000
472,1000,473000
473,1000,474000
474,1000,475000
475,1000,476000
476,1000,477000
477,1000,478000
478,1000,479000
479,1000,480000
480,1000,481000
481,1000,482000
482,1000,483000
483,1000,484000
484,1000,485000
485,1000,486000
486,1000,487000
487,1000,488000
488,1000,489000
489,1000,490000
490,1000,491000
491,1000,492000
492,1000,493000
493,1000,494000
494,1000,495000
495,1000,496000
496,1000,497000
497,1000,498000
498,1000,499000
499,1000,500000
500,1000,501000
501,1000,502000
502,1000,503000
503,1000,504000
504,1000,505000
505,1000,506000
506,1000,507000
507,1000,508000
508,1000,509000
509,1000,510000
510,1000,511000
511,1000,512000
512,1000,513000
513,1000,514000
514,1000,515000
515,1000,516000
516,1000,517000
517,1000,518000
518,1000,519000
519,1000,520000
520,1000,521000
521,1000,522000
522,1000,523000
523,1000,524000
524,1000,525000
525,1000,526000
526,1000,527000
527,1000,528000
528,1000,529000
529,1000,530000
530,1000,531000
531,1000,532000
532,1000,533000
533,1000,534000
534,1000,535000
535,1000,536000
536,1000,537000
537,1000,538000
538,1000,539000
539,1000,540000
540,1000,541000
541,1000,542000
542,1000,543000
543,1000,544000
544,1000,545000
545,1000,546000
546,1000,547000
547,1000,548000
548,1000,549000
549,1000,550000
550,1000,551000
551,1000,552000
552,1000,553000
553,1000,554000
554,1000,555000
555,1000,556000
556,1000,557000
557,1000,558000
558,1000,559000
559,1000,560000
