Step,Penalty,Beta x Penalty,Reward Return/Lambda,Optimized
5,0.000,0.000,1.980,Reward
13,0.000,0.000,3.431,Reward
32,0.000,0.000,9.425,Reward
41,0.000,0.000,3.908,Reward
50,0.000,0.000,4.869,Reward
57,0.000,0.000,2.950,Reward
63,0.000,0.000,2.467,Reward
71,0.000,0.000,3.431,Reward
79,0.000,0.000,3.431,Reward
97,0.000,0.000,8.063,Reward
107,0.000,0.000,4.382,Reward
123,0.000,0.000,8.089,Reward
137,0.000,0.000,6.247,Reward
152,0.000,0.000,6.706,Reward
156,0.000,0.000,2.475,Reward
161,0.000,0.000,2.960,Reward
169,0.000,0.000,3.431,Reward
180,0.000,0.000,4.853,Reward
191,0.000,0.000,4.853,Reward
199,0.000,0.000,3.431,Reward
205,0.000,0.000,3.442,Reward
216,0.000,0.000,5.804,Reward
223,0.000,0.000,2.950,Reward
229,0.000,0.000,3.442,Reward
236,0.000,0.000,3.921,Reward
243,0.000,0.000,3.921,Reward
250,0.000,0.000,2.950,Reward
257,0.000,0.000,2.950,Reward
264,0.000,0.000,2.950,Reward
272,0.000,0.000,3.431,Reward
292,0.000,0.000,8.953,Reward
304,0.000,0.000,6.268,Reward
319,0.000,0.000,6.706,Reward
331,0.000,0.000,6.268,Reward
337,0.000,0.000,2.467,Reward
343,0.000,0.000,3.442,Reward
355,0.000,0.000,6.268,Reward
365,0.000,0.000,4.382,Reward
379,0.000,0.000,6.247,Reward
392,0.000,0.000,5.785,Reward
399,0.000,0.000,2.950,Reward
407,0.000,0.000,3.431,Reward
421,0.000,0.000,7.185,Reward
430,0.000,0.000,3.908,Reward
442,0.000,0.000,5.321,Reward
449,0.000,0.000,2.950,Reward
457,0.000,0.000,4.397,Reward
480,0.000,0.000,10.267,Reward
488,0.000,0.000,3.431,Reward
497,0.000,0.000,3.908,Reward
504,0.000,0.000,3.921,Reward
512,0.000,0.000,4.397,Reward
531,0.000,0.000,8.510,Reward
548,0.000,0.000,7.614,Reward
556,0.000,0.000,3.431,Reward
567,0.000,0.000,4.853,Reward
586,0.000,0.000,8.510,Reward
598,0.000,0.000,6.268,Reward
609,0.000,0.000,5.804,Reward
616,0.000,0.000,3.921,Reward
629,0.000,0.000,5.785,Reward
645,0.000,0.000,8.089,Reward
655,0.000,0.000,5.338,Reward
667,0.000,0.000,5.321,Reward
676,0.000,0.000,4.869,Reward
684,0.000,0.000,3.431,Reward
696,0.000,0.000,6.268,Reward
704,0.000,0.000,3.431,Reward
710,0.000,0.000,3.442,Reward
716,0.000,0.000,2.467,Reward
732,0.000,0.000,8.089,Reward
739,0.000,0.000,3.921,Reward
754,0.000,0.000,7.639,Reward
763,0.000,0.000,3.908,Reward
773,0.000,0.000,5.338,Reward
782,0.000,0.000,3.908,Reward
790,0.000,0.000,4.397,Reward
802,0.000,0.000,5.321,Reward
808,0.000,0.000,2.467,Reward
829,0.000,0.000,9.394,Reward
840,0.000,0.000,4.853,Reward
865,0.000,0.000,11.129,Reward
875,0.000,0.000,5.338,Reward
886,0.000,0.000,5.804,Reward
899,0.000,0.000,6.728,Reward
905,0.000,0.000,2.467,Reward
924,0.000,0.000,9.425,Reward
935,0.000,0.000,4.853,Reward
962,0.000,0.000,11.979,Reward
971,0.000,0.000,3.908,Reward
979,0.000,0.000,3.431,Reward
994,0.000,0.000,7.639,Reward
1010,0.000,0.000,7.161,Reward
1021,0.000,0.000,5.804,Reward
1034,0.000,0.000,5.785,Reward
1046,0.000,0.000,6.268,Reward
1055,0.000,0.000,3.908,Reward
1063,0.000,0.000,3.431,Reward
1072,0.000,0.000,3.908,Reward
1086,0.000,0.000,6.247,Reward
1103,0.000,0.000,8.538,Reward
1111,0.000,0.000,3.431,Reward
1122,0.000,0.000,5.804,Reward
1128,0.000,0.000,2.467,Reward
1134,0.000,0.000,3.442,Reward
1142,0.000,0.000,4.397,Reward
1150,0.000,0.000,4.397,Reward
1168,0.000,0.000,8.983,Reward
1178,0.000,0.000,4.382,Reward
1200,0.000,0.000,9.832,Reward
1217,0.000,0.000,8.538,Reward
1228,0.000,0.000,5.804,Reward
1236,0.000,0.000,4.397,Reward
1248,0.000,0.000,5.321,Reward
1278,0.000,0.000,13.233,Reward
1288,0.000,0.000,5.338,Reward
1306,0.000,0.000,8.983,Reward
1319,0.000,0.000,6.728,Reward
1333,0.000,0.000,6.247,Reward
1344,0.000,0.000,4.853,Reward
1351,0.000,0.000,2.950,Reward
1375,0.000,0.000,10.699,Reward
1385,0.000,0.000,4.382,Reward
1419,0.000,0.000,14.869,Reward
1425,0.000,0.000,3.442,Reward
1443,0.000,0.000,8.063,Reward
1451,0.000,0.000,3.431,Reward
1462,0.000,0.000,4.853,Reward
1470,0.000,0.000,4.397,Reward
1498,0.000,0.000,12.400,Reward
1505,0.000,0.000,2.950,Reward
1517,0.000,0.000,6.268,Reward
1529,0.000,0.000,5.321,Reward
1537,0.000,0.000,3.431,Reward
1549,0.000,0.000,6.268,Reward
1557,0.000,0.000,3.431,Reward
1576,0.000,0.000,8.510,Reward
1584,0.000,0.000,3.431,Reward
1597,0.000,0.000,6.728,Reward
1613,0.000,0.000,8.089,Reward
1619,0.000,0.000,2.467,Reward
1627,0.000,0.000,4.397,Reward
1633,0.000,0.000,3.442,Reward
1646,0.000,0.000,6.728,Reward
1654,0.000,0.000,4.397,Reward
1664,0.000,0.000,5.338,Reward
1686,0.000,0.000,9.832,Reward
1715,0.000,0.000,12.818,Reward
1727,0.000,0.000,5.321,Reward
1733,0.000,0.000,2.467,Reward
1755,0.000,0.000,9.832,Reward
1770,0.000,0.000,6.706,Reward
1781,0.000,0.000,4.853,Reward
1793,0.000,0.000,5.321,Reward
1804,0.000,0.000,4.853,Reward
1829,0.000,0.000,11.129,Reward
1843,0.000,0.000,6.247,Reward
1862,0.000,0.000,8.510,Reward
1869,0.000,0.000,2.950,Reward
1879,0.000,0.000,5.338,Reward
1891,0.000,0.000,5.321,Reward
1902,0.000,0.000,4.853,Reward
1922,0.000,0.000,8.953,Reward
1934,0.000,0.000,5.321,Reward
1949,0.000,0.000,7.639,Reward
1965,0.000,0.000,8.089,Reward
1977,0.000,0.000,6.268,Reward
1989,0.000,0.000,5.321,Reward
2020,0.000,0.000,14.510,Reward
2039,0.000,0.000,8.510,Reward
2073,0.000,0.000,14.869,Reward
2088,0.000,0.000,7.639,Reward
2106,0.000,0.000,8.983,Reward
2117,0.000,0.000,5.804,Reward
2125,0.000,0.000,3.431,Reward
2156,0.000,0.000,14.510,Reward
2179,0.000,0.000,10.267,Reward
2192,0.000,0.000,6.728,Reward
2202,0.000,0.000,5.338,Reward
2211,0.000,0.000,4.869,Reward
2223,0.000,0.000,5.321,Reward
2237,0.000,0.000,7.185,Reward
2249,0.000,0.000,5.321,Reward
2260,0.000,0.000,4.853,Reward
2270,0.000,0.000,5.338,Reward
2288,0.000,0.000,8.063,Reward
2304,0.000,0.000,7.161,Reward
2321,0.000,0.000,7.614,Reward
2338,0.000,0.000,7.614,Reward
2356,0.000,0.000,8.063,Reward
2371,0.000,0.000,6.706,Reward
2386,0.000,0.000,6.706,Reward
2394,0.000,0.000,3.431,Reward
2411,0.000,0.000,7.614,Reward
2426,0.000,0.000,7.639,Reward
2442,0.000,0.000,7.161,Reward
2457,0.000,0.000,7.639,Reward
2468,0.000,0.000,4.853,Reward
2475,0.000,0.000,2.950,Reward
2489,0.000,0.000,6.247,Reward
2495,0.000,0.000,3.442,Reward
2502,0.000,0.000,2.950,Reward
2514,0.000,0.000,6.268,Reward
2528,0.000,0.000,7.185,Reward
2546,0.000,0.000,8.063,Reward
2556,0.000,0.000,4.382,Reward
2566,0.000,0.000,5.338,Reward
2580,0.000,0.000,6.247,Reward
2589,0.000,0.000,3.908,Reward
2622,0.000,0.000,14.464,Reward
2636,0.000,0.000,6.247,Reward
2646,0.000,0.000,4.382,Reward
2663,0.000,0.000,7.614,Reward
2697,0.000,0.000,15.720,Reward
2738,0.000,0.000,18.453,Reward
2759,0.000,0.000,9.394,Reward
2790,0.000,0.000,13.646,Reward
2803,0.000,0.000,5.785,Reward
2816,0.000,0.000,5.785,Reward
2843,0.000,0.000,11.979,Reward
2879,0.000,0.000,15.670,Reward
2887,0.000,0.000,4.397,Reward
2909,0.000,0.000,9.832,Reward
2920,0.000,0.000,4.853,Reward
2933,0.000,0.000,5.785,Reward
2950,0.000,0.000,7.614,Reward
2991,0.000,0.000,17.630,Reward
2999,0.000,0.000,4.397,Reward
3023,0.000,0.000,10.699,Reward
3053,0.000,0.000,13.233,Reward
3067,0.000,0.000,6.247,Reward
3085,0.000,0.000,8.063,Reward
3103,0.000,0.000,8.983,Reward
3121,0.000,0.000,8.063,Reward
3132,0.000,0.000,5.804,Reward
3175,0.000,0.000,18.396,Reward
3188,0.000,0.000,6.728,Reward
3223,0.000,0.000,16.118,Reward
3239,0.000,0.000,8.089,Reward
3253,0.000,0.000,6.247,Reward
3262,0.000,0.000,3.908,Reward
3273,0.000,0.000,4.853,Reward
3302,0.000,0.000,12.818,Reward
3315,0.000,0.000,5.785,Reward
3340,0.000,0.000,12.017,Reward
3357,0.000,0.000,8.538,Reward
3373,0.000,0.000,7.161,Reward
3403,0.000,0.000,14.101,Reward
3418,0.000,0.000,6.706,Reward
3427,0.000,0.000,4.869,Reward
3442,0.000,0.000,6.706,Reward
3449,0.000,0.000,3.921,Reward
3465,0.000,0.000,7.161,Reward
3491,0.000,0.000,12.440,Reward
3533,0.000,0.000,18.014,Reward
3552,0.000,0.000,8.510,Reward
3576,0.000,0.000,11.592,Reward
3604,0.000,0.000,12.400,Reward
3617,0.000,0.000,5.785,Reward
3633,0.000,0.000,7.161,Reward
3668,0.000,0.000,15.271,Reward
3688,0.000,0.000,8.953,Reward
3699,0.000,0.000,4.853,Reward
3729,0.000,0.000,13.233,Reward
3754,0.000,0.000,12.017,Reward
3761,0.000,0.000,2.950,Reward
3787,0.000,0.000,12.440,Reward
3807,0.000,0.000,8.953,Reward
3821,0.000,0.000,6.247,Reward
3868,0.000,0.000,20.700,Reward
3897,0.000,0.000,12.818,Reward
3922,0.000,0.000,11.129,Reward
3955,0.000,0.000,14.464,Reward
3966,0.000,0.000,4.853,Reward
4001,0.000,0.000,15.271,Reward
4020,0.000,0.000,8.510,Reward
4043,0.000,0.000,10.267,Reward
4069,0.000,0.000,11.555,Reward
4102,0.000,0.000,15.319,Reward
4114,0.000,0.000,6.268,Reward
4135,0.000,0.000,9.394,Reward
4145,0.000,0.000,4.382,Reward
4182,0.000,0.000,16.067,Reward
4215,0.000,0.000,15.319,Reward
4244,0.000,0.000,13.690,Reward
4280,0.000,0.000,16.514,Reward
4323,0.000,0.000,19.212,Reward
4350,0.000,0.000,11.979,Reward
4372,0.000,0.000,10.734,Reward
4400,0.000,0.000,13.276,Reward
4421,0.000,0.000,10.300,Reward
4433,0.000,0.000,5.321,Reward
4455,0.000,0.000,10.734,Reward
4467,0.000,0.000,6.268,Reward
4482,0.000,0.000,7.639,Reward
4503,0.000,0.000,9.394,Reward
4526,0.000,0.000,10.267,Reward
4550,0.000,0.000,10.699,Reward
4588,0.000,0.000,16.462,Reward
4616,0.000,0.000,12.400,Reward
4631,0.000,0.000,7.639,Reward
4639,0.000,0.000,3.431,Reward
4676,0.000,0.000,16.907,Reward
4689,0.000,0.000,5.785,Reward
4698,0.000,0.000,4.869,Reward
4740,0.000,0.000,18.014,Reward
4809,0.000,0.000,28.237,Reward
4817,0.000,0.000,4.397,Reward
4876,0.000,0.000,24.184,Reward
4892,0.000,0.000,7.161,Reward
4924,0.000,0.000,14.056,Reward
4950,0.000,0.000,12.440,Reward
4964,0.000,0.000,6.247,Reward
5008,0.000,0.000,18.775,Reward
5057,0.000,0.000,21.430,Reward
5112,0.000,0.000,22.792,Reward
5141,0.000,0.000,13.690,Reward
5190,0.000,0.000,20.636,Reward
5235,0.000,0.000,19.152,Reward
5282,0.000,0.000,19.899,Reward
5322,0.000,0.000,18.071,Reward
5372,0.000,0.000,21.791,Reward
5422,0.000,0.000,21.001,Reward
5491,0.000,0.000,27.513,Reward
5545,0.000,0.000,23.214,Reward
5605,0.000,0.000,24.526,Reward
5631,0.000,0.000,11.555,Reward
5679,0.000,0.000,20.269,Reward
5726,0.000,0.000,20.700,Reward
5747,0.000,0.000,9.394,Reward
5777,0.000,0.000,14.101,Reward
5803,0.000,0.000,11.555,Reward
5858,0.000,0.000,23.564,Reward
5891,0.000,0.000,15.319,Reward
5929,0.000,0.000,16.462,Reward
6000,0.000,0.000,28.872,Reward
6059,0.000,0.000,24.942,Reward
6105,0.000,0.000,19.527,Reward
6140,0.000,0.000,16.118,Reward
6185,0.000,0.000,19.961,Reward
6222,0.000,0.000,16.907,Reward
6310,0.000,0.000,33.290,Reward
6346,0.000,0.000,15.670,Reward
6363,0.000,0.000,8.538,Reward
6400,0.000,0.000,16.067,Reward
6416,0.000,0.000,7.161,Reward
6459,0.000,0.000,18.396,Reward
6500,0.000,0.000,17.630,Reward
6522,0.000,0.000,10.734,Reward
6644,0.000,0.000,42.084,Reward
6715,0.000,0.000,28.872,Reward
6802,0.000,0.000,33.672,Reward
6847,0.000,0.000,19.961,Reward
6875,0.000,0.000,13.276,Reward
6925,0.000,0.000,21.001,Reward
7029,0.000,0.000,37.655,Reward
7069,0.000,0.000,17.243,Reward
7095,0.000,0.000,12.440,Reward
7170,0.000,0.000,29.412,Reward
7200,0.000,0.000,13.233,Reward
7242,0.000,0.000,18.014,Reward
7289,0.000,0.000,19.899,Reward
7342,0.000,0.000,22.082,Reward
7386,0.000,0.000,18.775,Reward
7428,0.000,0.000,18.014,Reward
7469,0.000,0.000,17.630,Reward
7486,0.000,0.000,7.614,Reward
7531,0.000,0.000,19.961,Reward
7561,0.000,0.000,13.233,Reward
7582,0.000,0.000,9.394,Reward
7623,0.000,0.000,17.630,Reward
7653,0.000,0.000,13.233,Reward
7713,0.000,0.000,24.526,Reward
7740,0.000,0.000,12.859,Reward
7756,0.000,0.000,8.089,Reward
7814,0.000,0.000,24.601,Reward
7834,0.000,0.000,8.953,Reward
7866,0.000,0.000,14.056,Reward
7896,0.000,0.000,14.101,Reward
7913,0.000,0.000,8.538,Reward
7926,0.000,0.000,6.728,Reward
7974,0.000,0.000,20.269,Reward
8003,0.000,0.000,12.818,Reward
8063,0.000,0.000,24.526,Reward
8096,0.000,0.000,15.319,Reward
8131,0.000,0.000,15.271,Reward
8171,0.000,0.000,17.243,Reward
8203,0.000,0.000,14.916,Reward
8248,0.000,0.000,19.152,Reward
8334,0.000,0.000,32.713,Reward
8452,0.000,0.000,41.141,Reward
8494,0.000,0.000,18.014,Reward
8517,0.000,0.000,10.267,Reward
8575,0.000,0.000,24.601,Reward
8625,0.000,0.000,21.001,Reward
8662,0.000,0.000,16.067,Reward
8715,0.000,0.000,22.082,Reward
8734,0.000,0.000,9.425,Reward
8804,0.000,0.000,28.556,Reward
8817,0.000,0.000,5.785,Reward
8865,0.000,0.000,20.269,Reward
8939,0.000,0.000,29.100,Reward
8980,0.000,0.000,17.630,Reward
9035,0.000,0.000,23.564,Reward
9064,0.000,0.000,12.818,Reward
9108,0.000,0.000,19.588,Reward
9161,0.000,0.000,22.082,Reward
9201,0.000,0.000,18.071,Reward
9236,0.000,0.000,16.118,Reward
9262,0.000,0.000,12.440,Reward
9348,0.000,0.000,32.713,Reward
9402,0.000,0.000,22.438,Reward
9444,0.000,0.000,18.014,Reward
9499,0.000,0.000,22.792,Reward
9530,0.000,0.000,13.646,Reward
9590,0.000,0.000,24.526,Reward
9663,0.000,0.000,28.787,Reward
9709,0.000,0.000,20.332,Reward
9760,0.000,0.000,22.150,Reward
9792,0.000,0.000,14.056,Reward
9831,0.000,0.000,16.854,Reward
9891,0.000,0.000,25.281,Reward
9935,0.000,0.000,19.588,Reward
9994,0.000,0.000,24.184,Reward
10005,0.000,0.000,5.804,Reward
10056,0.000,0.000,21.364,Reward
10115,0.000,0.000,24.184,Reward
10165,0.000,0.000,21.791,Reward
10238,0.000,0.000,28.787,Reward
10279,0.000,0.000,17.630,Reward
10342,0.000,0.000,25.541,Reward
10369,0.000,0.000,11.979,Reward
10439,0.000,0.000,28.556,Reward
10480,0.000,0.000,17.630,Reward
10537,0.000,0.000,23.492,Reward
10599,0.000,0.000,25.953,Reward
10615,0.000,0.000,7.161,Reward
10701,0.000,0.000,32.713,Reward
10800,0.000,0.000,36.336,Reward
10894,0.000,0.000,34.977,Reward
10951,0.000,0.000,23.492,Reward
11008,0.000,0.000,23.492,Reward
11083,0.000,0.000,30.117,Reward
11144,0.000,0.000,24.866,Reward
11228,0.000,0.000,32.130,Reward
11276,0.000,0.000,21.066,Reward
11332,0.000,0.000,23.143,Reward
11408,0.000,0.000,29.721,Reward
11483,0.000,0.000,30.117,Reward
11541,0.000,0.000,23.839,Reward
11614,0.000,0.000,28.787,Reward
11673,0.000,0.000,24.184,Reward
11763,0.000,0.000,33.859,Reward
11811,0.000,0.000,20.269,Reward
11845,0.000,0.000,15.720,Reward
11931,0.000,0.000,33.386,Reward
12011,0.000,0.000,30.940,Reward
12058,0.000,0.000,19.899,Reward
12138,0.000,0.000,30.940,Reward
12226,0.000,0.000,33.290,Reward
12311,0.000,0.000,33.098,Reward
12389,0.000,0.000,30.335,Reward
12421,0.000,0.000,14.916,Reward
12492,0.000,0.000,28.154,Reward
12538,0.000,0.000,20.332,Reward
12668,0.000,0.000,43.904,Reward
12721,0.000,0.000,22.082,Reward
12780,0.000,0.000,24.184,Reward
12871,0.000,0.000,34.141,Reward
12894,0.000,0.000,10.267,Reward
12929,0.000,0.000,15.271,Reward
12998,0.000,0.000,27.513,Reward
13027,0.000,0.000,12.818,Reward
13105,0.000,0.000,30.335,Reward
13151,0.000,0.000,20.332,Reward
13244,0.000,0.000,35.353,Reward
13291,0.000,0.000,19.899,Reward
13335,0.000,0.000,19.588,Reward
13380,0.000,0.000,19.152,Reward
13441,0.000,0.000,25.618,Reward
13574,0.000,0.000,45.119,Reward
13662,0.000,0.000,33.290,Reward
13715,0.000,0.000,22.082,Reward
13762,0.000,0.000,19.899,Reward
13793,0.000,0.000,13.646,Reward
13875,0.000,0.000,31.539,Reward
13931,0.000,0.000,23.912,Reward
13986,0.000,0.000,22.792,Reward
14035,0.000,0.000,20.636,Reward
14120,0.000,0.000,32.422,Reward
14163,0.000,0.000,18.396,Reward
14250,0.000,0.000,33.672,Reward
14358,0.000,0.000,38.681,Reward
14450,0.000,0.000,34.422,Reward
14504,0.000,0.000,22.438,Reward
14562,0.000,0.000,23.839,Reward
14601,0.000,0.000,17.685,Reward
14658,0.000,0.000,24.257,Reward
14696,0.000,0.000,16.462,Reward
14786,0.000,0.000,34.521,Reward
14848,0.000,0.000,25.953,Reward
14898,0.000,0.000,21.791,Reward
14964,0.000,0.000,26.536,Reward
15025,0.000,0.000,25.618,Reward
15161,0.000,0.000,45.214,Reward
15247,0.000,0.000,32.713,Reward
15262,0.000,0.000,7.639,Reward
15309,0.000,0.000,20.700,Reward
15358,0.000,0.000,21.430,Reward
15416,0.000,0.000,23.839,Reward
15466,0.000,0.000,21.001,Reward
15536,0.000,0.000,27.834,Reward
15601,0.000,0.000,26.206,Reward
15627,0.000,0.000,11.555,Reward
15687,0.000,0.000,24.526,Reward
15777,0.000,0.000,33.859,Reward
15825,0.000,0.000,21.066,Reward
15950,0.000,0.000,43.349,Reward
15990,0.000,0.000,18.071,Reward
16036,0.000,0.000,19.527,Reward
16104,0.000,0.000,27.189,Reward
16202,0.000,0.000,36.707,Reward
16212,0.000,0.000,4.382,Reward
16302,0.000,0.000,34.521,Reward
16371,0.000,0.000,28.237,Reward
16476,0.000,0.000,38.534,Reward
16582,0.000,0.000,38.171,Reward
16627,0.000,0.000,19.152,Reward
16670,0.000,0.000,18.396,Reward
16837,0.000,0.000,51.785,Reward
16914,0.000,0.000,30.029,Reward
16988,0.000,0.000,29.809,Reward
17089,0.000,0.000,36.869,Reward
17160,0.000,0.000,28.154,Reward
17205,0.000,0.000,19.961,Reward
17296,0.000,0.000,34.141,Reward
17353,0.000,0.000,24.257,Reward
17439,0.000,0.000,32.713,Reward
17508,0.000,0.000,28.237,Reward
17589,0.000,0.000,31.928,Reward
17643,0.000,0.000,22.438,Reward
17658,0.000,0.000,7.639,Reward
17711,0.000,0.000,22.082,Reward
17776,0.000,0.000,26.206,Reward
17844,0.000,0.000,27.189,Reward
17890,0.000,0.000,19.527,Reward
17956,0.000,0.000,26.536,Reward
18018,0.000,0.000,25.953,Reward
18052,0.000,0.000,14.869,Reward
18188,0.000,0.000,45.214,Reward
18283,0.000,0.000,35.900,Reward
18353,0.000,0.000,27.834,Reward
18412,0.000,0.000,24.184,Reward
18451,0.000,0.000,17.685,Reward
18533,0.000,0.000,32.223,Reward
18595,0.000,0.000,25.953,Reward
18648,0.000,0.000,22.082,Reward
18707,0.000,0.000,24.184,Reward
18763,0.000,0.000,23.912,Reward
18837,0.000,0.000,29.100,Reward
18924,0.000,0.000,33.672,Reward
18963,0.000,0.000,16.854,Reward
19024,0.000,0.000,24.866,Reward
19071,0.000,0.000,20.700,Reward
19103,0.000,0.000,14.056,Reward
19169,0.000,0.000,26.536,Reward
19203,0.000,0.000,15.720,Reward
19237,0.000,0.000,15.720,Reward
19296,0.000,0.000,24.184,Reward
19364,0.000,0.000,27.189,Reward
19427,0.000,0.000,25.541,Reward
19491,0.000,0.000,25.874,Reward
19562,0.000,0.000,28.872,Reward
19661,0.000,0.000,36.336,Reward
19734,0.000,0.000,28.787,Reward
19819,0.000,0.000,32.422,Reward
19886,0.000,0.000,27.595,Reward
19966,0.000,0.000,30.940,Reward
20070,0.000,0.000,37.655,Reward
20128,0.000,0.000,23.839,Reward
20210,0.000,0.000,32.223,Reward
20323,0.000,0.000,39.929,Reward
20442,0.000,0.000,41.379,Reward
20504,0.000,0.000,25.953,Reward
20533,0.000,0.000,12.818,Reward
20620,0.000,0.000,33.002,Reward
20677,0.000,0.000,23.492,Reward
20761,0.000,0.000,32.130,Reward
20820,0.000,0.000,24.184,Reward
20951,0.000,0.000,44.126,Reward
21014,0.000,0.000,26.285,Reward
21119,0.000,0.000,38.534,Reward
21168,0.000,0.000,20.636,Reward
21253,0.000,0.000,33.098,Reward
21340,0.000,0.000,33.002,Reward
21419,0.000,0.000,30.638,Reward
21488,0.000,0.000,28.237,Reward
21550,0.000,0.000,25.953,Reward
21614,0.000,0.000,25.874,Reward
21675,0.000,0.000,25.618,Reward
21760,0.000,0.000,32.422,Reward
21821,0.000,0.000,25.618,Reward
21882,0.000,0.000,24.866,Reward
21985,0.000,0.000,37.394,Reward
22055,0.000,0.000,27.834,Reward
22140,0.000,0.000,32.422,Reward
22186,0.000,0.000,19.527,Reward
22254,0.000,0.000,27.189,Reward
22331,0.000,0.000,30.029,Reward
22412,0.000,0.000,31.240,Reward
22470,0.000,0.000,23.839,Reward
22527,0.000,0.000,23.492,Reward
22592,0.000,0.000,26.206,Reward
22653,0.000,0.000,24.866,Reward
22706,0.000,0.000,22.082,Reward
22800,0.000,0.000,34.977,Reward
22846,0.000,0.000,19.527,Reward
22922,0.000,0.000,30.424,Reward
23030,0.000,0.000,39.294,Reward
23114,0.000,0.000,32.130,Reward
23166,0.000,0.000,21.724,Reward
23271,0.000,0.000,37.914,Reward
23328,0.000,0.000,23.492,Reward
23479,0.000,0.000,48.811,Reward
23568,0.000,0.000,33.575,Reward
23626,0.000,0.000,23.839,Reward
23715,0.000,0.000,34.240,Reward
23851,0.000,0.000,45.214,Reward
23917,0.000,0.000,26.536,Reward
23967,0.000,0.000,21.001,Reward
23982,0.000,0.000,7.639,Reward
24149,0.000,0.000,51.785,Reward
24276,0.000,0.000,43.232,Reward
24341,0.000,0.000,26.944,Reward
24385,0.000,0.000,18.775,Reward
24429,0.000,0.000,18.775,Reward
24541,0.000,0.000,40.286,Reward
24619,0.000,0.000,31.031,Reward
24749,0.000,0.000,43.904,Reward
24764,0.000,0.000,7.639,Reward
24828,0.000,0.000,25.874,Reward
24909,0.000,0.000,31.928,Reward
25011,0.000,0.000,37.132,Reward
25084,0.000,0.000,29.499,Reward
25196,0.000,0.000,40.286,Reward
25254,0.000,0.000,23.839,Reward
25312,0.000,0.000,23.839,Reward
25372,0.000,0.000,25.281,Reward
25463,0.000,0.000,34.800,Reward
25550,0.000,0.000,33.672,Reward
25622,0.000,0.000,28.471,Reward
25678,0.000,0.000,23.143,Reward
25728,0.000,0.000,21.001,Reward
25838,0.000,0.000,39.793,Reward
25945,0.000,0.000,39.042,Reward
26057,0.000,0.000,39.683,Reward
26159,0.000,0.000,37.132,Reward
26286,0.000,0.000,43.799,Reward
26340,0.000,0.000,22.438,Reward
26444,0.000,0.000,37.655,Reward
26492,0.000,0.000,21.066,Reward
26564,0.000,0.000,29.186,Reward
26635,0.000,0.000,28.154,Reward
26711,0.000,0.000,30.424,Reward
26808,0.000,0.000,35.798,Reward
26858,0.000,0.000,21.791,Reward
26891,0.000,0.000,15.319,Reward
26936,0.000,0.000,19.152,Reward
27037,0.000,0.000,36.869,Reward
27203,0.000,0.000,51.118,Reward
27256,0.000,0.000,22.862,Reward
27354,0.000,0.000,36.707,Reward
27426,0.000,0.000,29.186,Reward
27470,0.000,0.000,18.775,Reward
27542,0.000,0.000,29.186,Reward
27600,0.000,0.000,23.839,Reward
27674,0.000,0.000,29.809,Reward
27748,0.000,0.000,29.100,Reward
27866,0.000,0.000,41.141,Reward
27921,0.000,0.000,23.564,Reward
28007,0.000,0.000,32.713,Reward
28118,0.000,0.000,39.434,Reward
28206,0.000,0.000,33.290,Reward
28265,0.000,0.000,24.184,Reward
28315,0.000,0.000,21.001,Reward
28399,0.000,0.000,32.808,Reward
28484,0.000,0.000,32.422,Reward
28532,0.000,0.000,20.269,Reward
28598,0.000,0.000,26.536,Reward
28657,0.000,0.000,24.184,Reward
28689,0.000,0.000,14.056,Reward
28772,0.000,0.000,32.517,Reward
28913,0.000,0.000,46.271,Reward
28970,0.000,0.000,24.257,Reward
29028,0.000,0.000,23.839,Reward
29115,0.000,0.000,33.002,Reward
29193,0.000,0.000,30.335,Reward
29251,0.000,0.000,23.839,Reward
29336,0.000,0.000,32.422,Reward
29398,0.000,0.000,25.205,Reward
29490,0.000,0.000,34.422,Reward
29608,0.000,0.000,41.729,Reward
29691,0.000,0.000,31.835,Reward
29758,0.000,0.000,26.864,Reward
29831,0.000,0.000,29.499,Reward
29880,0.000,0.000,20.636,Reward
29957,0.000,0.000,30.729,Reward
30117,0.000,0.000,50.517,Reward
30284,0.000,0.000,51.785,Reward
30327,0.000,0.000,18.396,Reward
30411,0.000,0.000,32.130,Reward
30533,0.000,0.000,42.663,Reward
30688,0.000,0.000,49.071,Reward
30834,0.000,0.000,47.297,Reward
30966,0.000,0.000,44.346,Reward
31070,0.000,0.000,37.655,Reward
31163,0.000,0.000,35.353,Reward
31269,0.000,0.000,38.171,Reward
31337,0.000,0.000,27.189,Reward
31487,0.000,0.000,48.097,Reward
31574,0.000,0.000,33.002,Reward
31713,0.000,0.000,45.852,Reward
31765,0.000,0.000,21.724,Reward
31899,0.000,0.000,44.782,Reward
31968,0.000,0.000,27.513,Reward
32106,0.000,0.000,45.640,Reward
32166,0.000,0.000,25.281,Reward
32246,0.000,0.000,31.631,Reward
32342,0.000,0.000,35.526,Reward
32416,0.000,0.000,29.809,Reward
32549,0.000,0.000,44.565,Reward
32705,0.000,0.000,49.770,Reward
32852,0.000,0.000,47.499,Reward
32879,0.000,0.000,11.979,Reward
33046,0.000,0.000,51.785,Reward
33136,0.000,0.000,33.859,Reward
33265,0.000,0.000,43.681,Reward
33396,0.000,0.000,44.126,Reward
33462,0.000,0.000,26.536,Reward
33572,0.000,0.000,39.185,Reward
33629,0.000,0.000,24.257,Reward
33710,0.000,0.000,31.240,Reward
33764,0.000,0.000,23.214,Reward
33821,0.000,0.000,23.492,Reward
33897,0.000,0.000,30.424,Reward
34043,0.000,0.000,47.297,Reward
34176,0.000,0.000,44.565,Reward
34343,0.000,0.000,51.785,Reward
34456,0.000,0.000,39.929,Reward
34577,0.000,0.000,41.850,Reward
34647,0.000,0.000,27.834,Reward
34753,0.000,0.000,38.789,Reward
34841,0.000,0.000,33.290,Reward
34895,0.000,0.000,22.438,Reward
35041,0.000,0.000,47.824,Reward
35102,0.000,0.000,24.866,Reward
35223,0.000,0.000,41.850,Reward
35348,0.000,0.000,42.777,Reward
35395,0.000,0.000,19.899,Reward
35492,0.000,0.000,35.798,Reward
35604,0.000,0.000,40.286,Reward
35712,0.000,0.000,38.681,Reward
35879,0.000,0.000,51.785,Reward
35923,0.000,0.000,18.775,Reward
35962,0.000,0.000,16.854,Reward
36061,0.000,0.000,36.336,Reward
36096,0.000,0.000,16.118,Reward
36163,0.000,0.000,26.864,Reward
36279,0.000,0.000,41.254,Reward
36446,0.000,0.000,51.785,Reward
36503,0.000,0.000,24.257,Reward
36612,0.000,0.000,39.544,Reward
36687,0.000,0.000,29.412,Reward
36827,0.000,0.000,46.601,Reward
36974,0.000,0.000,47.499,Reward
37053,0.000,0.000,30.638,Reward
37112,0.000,0.000,24.942,Reward
37247,0.000,0.000,44.999,Reward
37329,0.000,0.000,32.223,Reward
37403,0.000,0.000,29.100,Reward
37533,0.000,0.000,43.904,Reward
37577,0.000,0.000,19.588,Reward
37708,0.000,0.000,44.684,Reward
37795,0.000,0.000,33.002,Reward
37867,0.000,0.000,29.186,Reward
37931,0.000,0.000,25.874,Reward
37993,0.000,0.000,25.205,Reward
38081,0.000,0.000,33.290,Reward
38205,0.000,0.000,42.547,Reward
38266,0.000,0.000,24.866,Reward
38338,0.000,0.000,28.471,Reward
38402,0.000,0.000,26.616,Reward
38471,0.000,0.000,27.513,Reward
38550,0.000,0.000,30.638,Reward
38717,0.000,0.000,51.785,Reward
38811,0.000,0.000,34.977,Reward
38921,0.000,0.000,39.185,Reward
38962,0.000,0.000,18.453,Reward
39031,0.000,0.000,28.237,Reward
39126,0.000,0.000,35.252,Reward
39219,0.000,0.000,34.700,Reward
39374,0.000,0.000,49.580,Reward
39463,0.000,0.000,34.240,Reward
39553,0.000,0.000,34.521,Reward
39670,0.000,0.000,41.492,Reward
39801,0.000,0.000,44.126,Reward
39888,0.000,0.000,33.002,Reward
39934,0.000,0.000,20.332,Reward
40068,0.000,0.000,45.335,Reward
40199,0.000,0.000,44.684,Reward
40248,0.000,0.000,21.430,Reward
40337,0.000,0.000,33.575,Reward
40397,0.000,0.000,24.526,Reward
40481,0.000,0.000,32.130,Reward
40550,0.000,0.000,27.513,Reward
40707,0.000,0.000,49.958,Reward
40756,0.000,0.000,20.636,Reward
40833,0.000,0.000,30.029,Reward
40897,0.000,0.000,25.874,Reward
41023,0.000,0.000,43.575,Reward
41058,0.000,0.000,16.118,Reward
41168,0.000,0.000,39.793,Reward
41319,0.000,0.000,48.811,Reward
41398,0.000,0.000,30.638,Reward
41498,0.000,0.000,36.603,Reward
41608,0.000,0.000,39.185,Reward
41704,0.000,0.000,36.170,Reward
41852,0.000,0.000,47.699,Reward
41968,0.000,0.000,40.660,Reward
42121,0.000,0.000,48.685,Reward
42260,0.000,0.000,46.393,Reward
42326,0.000,0.000,26.536,Reward
42482,0.000,0.000,49.262,Reward
42562,0.000,0.000,30.940,Reward
42682,0.000,0.000,41.615,Reward
42775,0.000,0.000,35.353,Reward
42862,0.000,0.000,33.002,Reward
42977,0.000,0.000,41.014,Reward
43121,0.000,0.000,46.890,Reward
43251,0.000,0.000,44.465,Reward
43349,0.000,0.000,36.707,Reward
43429,0.000,0.000,31.631,Reward
43577,0.000,0.000,47.699,Reward
43629,0.000,0.000,22.507,Reward
43752,0.000,0.000,42.316,Reward
43820,0.000,0.000,27.189,Reward
43889,0.000,0.000,28.237,Reward
44022,0.000,0.000,44.565,Reward
44147,0.000,0.000,42.777,Reward
44243,0.000,0.000,35.526,Reward
44338,0.000,0.000,35.900,Reward
44437,0.000,0.000,36.336,Reward
44580,0.000,0.000,46.685,Reward
44676,0.000,0.000,35.526,Reward
44801,0.000,0.000,42.777,Reward
44862,0.000,0.000,25.618,Reward
44915,0.000,0.000,22.862,Reward
45019,0.000,0.000,38.278,Reward
45146,0.000,0.000,43.799,Reward
45183,0.000,0.000,16.067,Reward
45296,0.000,0.000,39.929,Reward
45395,0.000,0.000,36.336,Reward
45495,0.000,0.000,36.603,Reward
45551,0.000,0.000,23.912,Reward
45660,0.000,0.000,38.934,Reward
45754,0.000,0.000,35.627,Reward
45875,0.000,0.000,41.850,Reward
45936,0.000,0.000,24.866,Reward
46010,0.000,0.000,29.100,Reward
46177,0.000,0.000,51.785,Reward
46247,0.000,0.000,27.834,Reward
46395,0.000,0.000,47.699,Reward
46505,0.000,0.000,39.185,Reward
46543,0.000,0.000,16.462,Reward
46589,0.000,0.000,20.332,Reward
46733,0.000,0.000,46.890,Reward
46812,0.000,0.000,31.332,Reward
46921,0.000,0.000,38.934,Reward
47054,0.000,0.000,45.119,Reward
47221,0.000,0.000,51.785,Reward
47360,0.000,0.000,45.852,Reward
47464,0.000,0.000,38.278,Reward
47615,0.000,0.000,48.294,Reward
47686,0.000,0.000,28.872,Reward
47789,0.000,0.000,37.394,Reward
47859,0.000,0.000,28.556,Reward
47958,0.000,0.000,36.973,Reward
48054,0.000,0.000,35.526,Reward
48150,0.000,0.000,35.526,Reward
48200,0.000,0.000,21.001,Reward
48367,0.000,0.000,51.785,Reward
48449,0.000,0.000,31.539,Reward
48507,0.000,0.000,23.839,Reward
48569,0.000,0.000,25.205,Reward
48705,0.000,0.000,45.762,Reward
48855,0.000,0.000,48.616,Reward
48965,0.000,0.000,39.185,Reward
49041,0.000,0.000,29.721,Reward
49104,0.000,0.000,26.285,Reward
49220,0.000,0.000,41.254,Reward
49343,0.000,0.000,42.893,Reward
49430,0.000,0.000,33.672,Reward
49451,0.000,0.000,9.394,Reward
49566,0.000,0.000,41.014,Reward
49643,0.000,0.000,30.029,Reward
49782,0.000,0.000,45.852,Reward
49901,0.000,0.000,41.965,Reward
49974,0.000,0.000,29.499,Reward
50081,0.000,0.000,39.042,Reward
50184,0.000,0.000,38.020,Reward
50258,0.000,0.000,29.100,Reward
50361,0.000,0.000,38.020,Reward
50502,0.000,0.000,46.271,Reward
50613,0.000,0.000,40.040,Reward
50700,0.000,0.000,33.002,Reward
50745,0.000,0.000,19.961,Reward
50901,0.000,0.000,49.770,Reward
51008,0.000,0.000,38.427,Reward
51153,0.000,0.000,47.623,Reward
51253,0.000,0.000,36.603,Reward
51318,0.000,0.000,26.206,Reward
51414,0.000,0.000,35.526,Reward
51554,0.000,0.000,46.601,Reward
51611,0.000,0.000,24.257,Reward
51643,0.000,0.000,14.916,Reward
51772,0.000,0.000,43.681,Reward
51824,0.000,0.000,21.724,Reward
51916,0.000,0.000,34.422,Reward
51991,0.000,0.000,29.412,Reward
52098,0.000,0.000,39.042,Reward
52171,0.000,0.000,28.787,Reward
52268,0.000,0.000,35.798,Reward
52435,0.000,0.000,51.785,Reward
52494,0.000,0.000,24.942,Reward
52578,0.000,0.000,32.808,Reward
52741,0.000,0.000,50.572,Reward
52792,0.000,0.000,21.364,Reward
52909,0.000,0.000,41.492,Reward
52978,0.000,0.000,27.513,Reward
53145,0.000,0.000,51.785,Reward
53312,0.000,0.000,51.785,Reward
53382,0.000,0.000,27.834,Reward
53466,0.000,0.000,32.130,Reward
53625,0.000,0.000,49.830,Reward
53664,0.000,0.000,16.854,Reward
53823,0.000,0.000,49.830,Reward
53954,0.000,0.000,44.126,Reward
54047,0.000,0.000,35.353,Reward
54122,0.000,0.000,29.412,Reward
54193,0.000,0.000,28.872,Reward
54286,0.000,0.000,34.700,Reward
54324,0.000,0.000,17.297,Reward
54488,0.000,0.000,50.755,Reward
54573,0.000,0.000,32.422,Reward
54699,0.000,0.000,43.575,Reward
54852,0.000,0.000,48.685,Reward
54952,0.000,0.000,36.603,Reward
55058,0.000,0.000,38.171,Reward
55191,0.000,0.000,45.119,Reward
55358,0.000,0.000,51.785,Reward
55431,0.000,0.000,29.499,Reward
55491,0.000,0.000,24.526,Reward
55591,0.000,0.000,37.237,Reward
55650,0.000,0.000,24.184,Reward
55709,0.000,0.000,24.942,Reward
55869,0.000,0.000,50.017,Reward
55978,0.000,0.000,38.934,Reward
56007,0.000,0.000,13.690,Reward
56142,0.000,0.000,44.999,Reward
56269,0.000,0.000,43.799,Reward
56351,0.000,0.000,31.539,Reward
56439,0.000,0.000,33.290,Reward
56557,0.000,0.000,41.141,Reward
56683,0.000,0.000,43.005,Reward
56743,0.000,0.000,24.526,Reward
56782,0.000,0.000,17.685,Reward
56855,0.000,0.000,28.787,Reward
56981,0.000,0.000,43.005,Reward
57069,0.000,0.000,33.290,Reward
57179,0.000,0.000,39.793,Reward
57280,0.000,0.000,36.869,Reward
57375,0.000,0.000,35.252,Reward
57542,0.000,0.000,51.785,Reward
57605,0.000,0.000,26.285,Reward
57772,0.000,0.000,51.785,Reward
57891,0.000,0.000,41.379,Reward
57995,0.000,0.000,37.655,Reward
58142,0.000,0.000,47.499,Reward
58218,0.000,0.000,30.424,Reward
58333,0.000,0.000,41.014,Reward
58377,0.000,0.000,19.588,Reward
58519,0.000,0.000,47.014,Reward
58583,0.000,0.000,26.616,Reward
58678,0.000,0.000,35.900,Reward
58845,0.000,0.000,51.785,Reward
58994,0.000,0.000,48.420,Reward
59161,0.000,0.000,51.785,Reward
59315,0.000,0.000,48.878,Reward
59380,0.000,0.000,26.206,Reward
59466,0.000,0.000,32.713,Reward
59557,0.000,0.000,34.141,Reward
59628,0.000,0.000,28.154,Reward
59766,0.000,0.000,46.184,Reward
59899,0.000,0.000,44.565,Reward
59947,0.000,0.000,20.269,Reward
60097,0.000,0.000,48.616,Reward
60239,0.000,0.000,46.478,Reward
60333,0.000,0.000,35.627,Reward
60433,0.000,0.000,37.237,Reward
60574,0.000,0.000,46.808,Reward
60613,0.000,0.000,17.685,Reward
60768,0.000,0.000,49.580,Reward
60877,0.000,0.000,38.934,Reward
60973,0.000,0.000,36.170,Reward
61070,0.000,0.000,36.440,Reward
61170,0.000,0.000,37.237,Reward
61337,0.000,0.000,51.785,Reward
61504,0.000,0.000,51.785,Reward
61563,0.000,0.000,24.184,Reward
61629,0.000,0.000,26.536,Reward
61796,0.000,0.000,51.785,Reward
61871,0.000,0.000,30.117,Reward
61999,0.000,0.000,44.023,Reward
62044,0.000,0.000,19.152,Reward
62109,0.000,0.000,26.206,Reward
62194,0.000,0.000,33.098,Reward
62361,0.000,0.000,51.785,Reward
62431,0.000,0.000,28.556,Reward
62516,0.000,0.000,32.422,Reward
62658,0.000,0.000,46.478,Reward
62732,0.000,0.000,29.100,Reward
62881,0.000,0.000,48.420,Reward
63048,0.000,0.000,51.785,Reward
63139,0.000,0.000,34.141,Reward
63196,0.000,0.000,23.492,Reward
63262,0.000,0.000,27.271,Reward
63420,0.000,0.000,49.642,Reward
63587,0.000,0.000,51.785,Reward
63684,0.000,0.000,35.798,Reward
63749,0.000,0.000,26.206,Reward
63875,0.000,0.000,43.575,Reward
63952,0.000,0.000,30.729,Reward
64039,0.000,0.000,33.672,Reward
64206,0.000,0.000,51.785,Reward
64373,0.000,0.000,51.785,Reward
64470,0.000,0.000,35.798,Reward
64632,0.000,0.000,50.388,Reward
64789,0.000,0.000,49.958,Reward
64956,0.000,0.000,51.785,Reward
65055,0.000,0.000,36.973,Reward
65156,0.000,0.000,37.500,Reward
65193,0.000,0.000,16.067,Reward
65296,0.000,0.000,37.394,Reward
65391,0.000,0.000,35.252,Reward
65480,0.000,0.000,34.240,Reward
65534,0.000,0.000,22.438,Reward
65681,0.000,0.000,48.024,Reward
65794,0.000,0.000,40.530,Reward
65941,0.000,0.000,47.499,Reward
66089,0.000,0.000,48.222,Reward
66256,0.000,0.000,51.785,Reward
66423,0.000,0.000,51.785,Reward
66460,0.000,0.000,16.907,Reward
66581,0.000,0.000,41.850,Reward
66730,0.000,0.000,48.420,Reward
66859,0.000,0.000,43.681,Reward
67026,0.000,0.000,51.785,Reward
67146,0.000,0.000,41.615,Reward
67313,0.000,0.000,51.785,Reward
67406,0.000,0.000,34.700,Reward
67467,0.000,0.000,25.618,Reward
67571,0.000,0.000,38.278,Reward
67651,0.000,0.000,31.631,Reward
67753,0.000,0.000,37.761,Reward
67920,0.000,0.000,51.785,Reward
68014,0.000,0.000,34.977,Reward
68181,0.000,0.000,51.785,Reward
68238,0.000,0.000,24.257,Reward
68298,0.000,0.000,24.526,Reward
68423,0.000,0.000,43.349,Reward
68490,0.000,0.000,27.595,Reward
68561,0.000,0.000,28.154,Reward
68644,0.000,0.000,32.517,Reward
68762,0.000,0.000,41.141,Reward
68834,0.000,0.000,28.471,Reward
68908,0.000,0.000,29.100,Reward
69003,0.000,0.000,35.252,Reward
69088,0.000,0.000,32.422,Reward
69255,0.000,0.000,51.785,Reward
69328,0.000,0.000,29.499,Reward
69367,0.000,0.000,16.854,Reward
69534,0.000,0.000,51.785,Reward
69578,0.000,0.000,18.775,Reward
69710,0.000,0.000,44.346,Reward
69877,0.000,0.000,51.785,Reward
69996,0.000,0.000,41.379,Reward
70151,0.000,0.000,49.580,Reward
70271,0.000,0.000,41.615,Reward
70380,0.000,0.000,38.934,Reward
70464,0.000,0.000,32.130,Reward
70631,0.000,0.000,51.785,Reward
70702,0.000,0.000,28.154,Reward
70869,0.000,0.000,51.785,Reward
70990,0.000,0.000,41.850,Reward
71118,0.000,0.000,44.023,Reward
71167,0.000,0.000,21.430,Reward
71278,0.000,0.000,40.040,Reward
71380,0.000,0.000,37.132,Reward
71469,0.000,0.000,34.240,Reward
71537,0.000,0.000,27.189,Reward
71628,0.000,0.000,34.141,Reward
71758,0.000,0.000,43.904,Reward
71925,0.000,0.000,51.785,Reward
72043,0.000,0.000,41.141,Reward
72121,0.000,0.000,31.031,Reward
72203,0.000,0.000,31.539,Reward
72299,0.000,0.000,35.526,Reward
72466,0.000,0.000,51.785,Reward
72547,0.000,0.000,31.240,Reward
72714,0.000,0.000,51.785,Reward
72861,0.000,0.000,48.024,Reward
72966,0.000,0.000,38.534,Reward
73133,0.000,0.000,51.785,Reward
73203,0.000,0.000,28.556,Reward
73370,0.000,0.000,51.785,Reward
73483,0.000,0.000,40.530,Reward
73633,0.000,0.000,48.616,Reward
73757,0.000,0.000,42.547,Reward
73795,0.000,0.000,17.297,Reward
73869,0.000,0.000,29.809,Reward
73940,0.000,0.000,28.154,Reward
74107,0.000,0.000,51.785,Reward
74187,0.000,0.000,30.940,Reward
74240,0.000,0.000,22.862,Reward
74339,0.000,0.000,36.973,Reward
74506,0.000,0.000,51.785,Reward
74556,0.000,0.000,21.001,Reward
74649,0.000,0.000,34.700,Reward
74740,0.000,0.000,34.800,Reward
74842,0.000,0.000,37.761,Reward
74900,0.000,0.000,24.601,Reward
75020,0.000,0.000,41.615,Reward
75114,0.000,0.000,35.627,Reward
75166,0.000,0.000,22.507,Reward
75333,0.000,0.000,51.785,Reward
75475,0.000,0.000,46.478,Reward
75608,0.000,0.000,44.565,Reward
75706,0.000,0.000,36.068,Reward
75873,0.000,0.000,51.785,Reward
76040,0.000,0.000,51.785,Reward
76184,0.000,0.000,46.890,Reward
76344,0.000,0.000,50.017,Reward
76478,0.000,0.000,45.335,Reward
76536,0.000,0.000,24.601,Reward
76639,0.000,0.000,38.020,Reward
76716,0.000,0.000,30.729,Reward
76844,0.000,0.000,44.023,Reward
76943,0.000,0.000,36.336,Reward
77010,0.000,0.000,26.864,Reward
77177,0.000,0.000,51.785,Reward
77302,0.000,0.000,43.349,Reward
77420,0.000,0.000,41.729,Reward
77536,0.000,0.000,41.254,Reward
77634,0.000,0.000,36.068,Reward
77704,0.000,0.000,27.834,Reward
77803,0.000,0.000,36.973,Reward
77951,0.000,0.000,48.222,Reward
78042,0.000,0.000,34.141,Reward
78176,0.000,0.000,44.782,Reward
78283,0.000,0.000,38.427,Reward
78450,0.000,0.000,51.785,Reward
78602,0.000,0.000,48.490,Reward
78762,0.000,0.000,50.517,Reward
78888,0.000,0.000,43.575,Reward
79033,0.000,0.000,47.094,Reward
79120,0.000,0.000,33.002,Reward
79287,0.000,0.000,51.785,Reward
79433,0.000,0.000,47.297,Reward
79566,0.000,0.000,45.119,Reward
79646,0.000,0.000,31.631,Reward
79771,0.000,0.000,42.777,Reward
79938,0.000,0.000,51.785,Reward
80013,0.000,0.000,29.412,Reward
80080,0.000,0.000,27.595,Reward
80196,0.000,0.000,41.254,Reward
80363,0.000,0.000,51.785,Reward
80477,0.000,0.000,40.174,Reward
80644,0.000,0.000,51.785,Reward
80798,0.000,0.000,48.878,Reward
80905,0.000,0.000,38.427,Reward
81046,0.000,0.000,46.271,Reward
81121,0.000,0.000,29.412,Reward
81221,0.000,0.000,37.237,Reward
81287,0.000,0.000,27.271,Reward
81436,0.000,0.000,47.899,Reward
81524,0.000,0.000,33.290,Reward
81609,0.000,0.000,33.098,Reward
81776,0.000,0.000,51.785,Reward
81943,0.000,0.000,51.785,Reward
82085,0.000,0.000,46.478,Reward
82221,0.000,0.000,45.214,Reward
82336,0.000,0.000,41.014,Reward
82461,0.000,0.000,42.777,Reward
82628,0.000,0.000,51.785,Reward
82795,0.000,0.000,51.785,Reward
82870,0.000,0.000,29.412,Reward
82951,0.000,0.000,31.240,Reward
83118,0.000,0.000,51.785,Reward
83194,0.000,0.000,29.721,Reward
83291,0.000,0.000,35.798,Reward
83458,0.000,0.000,51.785,Reward
83585,0.000,0.000,43.232,Reward
83729,0.000,0.000,47.421,Reward
83825,0.000,0.000,35.526,Reward
83905,0.000,0.000,31.631,Reward
83999,0.000,0.000,34.977,Reward
84056,0.000,0.000,23.492,Reward
84223,0.000,0.000,51.785,Reward
84269,0.000,0.000,19.527,Reward
84333,0.000,0.000,25.874,Reward
84425,0.000,0.000,35.077,Reward
84592,0.000,0.000,51.785,Reward
84730,0.000,0.000,46.184,Reward
84843,0.000,0.000,39.929,Reward
84923,0.000,0.000,31.631,Reward
85017,0.000,0.000,35.627,Reward
85060,0.000,0.000,19.212,Reward
85227,0.000,0.000,51.785,Reward
85324,0.000,0.000,35.798,Reward
85429,0.000,0.000,37.914,Reward
85495,0.000,0.000,27.271,Reward
85596,0.000,0.000,36.869,Reward
85763,0.000,0.000,51.785,Reward
85813,0.000,0.000,21.791,Reward
85931,0.000,0.000,41.141,Reward
86098,0.000,0.000,51.785,Reward
86152,0.000,0.000,23.214,Reward
86241,0.000,0.000,34.240,Reward
86384,0.000,0.000,46.685,Reward
86445,0.000,0.000,25.618,Reward
86540,0.000,0.000,35.900,Reward
86626,0.000,0.000,33.386,Reward
86762,0.000,0.000,45.214,Reward
86864,0.000,0.000,37.132,Reward
86935,0.000,0.000,28.154,Reward
87040,0.000,0.000,38.534,Reward
87207,0.000,0.000,51.785,Reward
87359,0.000,0.000,49.005,Reward
87443,0.000,0.000,32.130,Reward
87549,0.000,0.000,38.171,Reward
87654,0.000,0.000,38.534,Reward
87723,0.000,0.000,27.513,Reward
87842,0.000,0.000,41.965,Reward
88009,0.000,0.000,51.785,Reward
88028,0.000,0.000,9.425,Reward
88131,0.000,0.000,38.020,Reward
88281,0.000,0.000,48.097,Reward
88448,0.000,0.000,51.785,Reward
88615,0.000,0.000,51.785,Reward
88782,0.000,0.000,51.785,Reward
88827,0.000,0.000,19.152,Reward
88994,0.000,0.000,51.785,Reward
89051,0.000,0.000,23.492,Reward
89177,0.000,0.000,43.575,Reward
89233,0.000,0.000,23.912,Reward
89307,0.000,0.000,29.100,Reward
89394,0.000,0.000,33.672,Reward
89468,0.000,0.000,29.809,Reward
89546,0.000,0.000,30.335,Reward
89623,0.000,0.000,30.029,Reward
89727,0.000,0.000,38.278,Reward
89771,0.000,0.000,19.588,Reward
89828,0.000,0.000,23.492,Reward
89866,0.000,0.000,16.462,Reward
89937,0.000,0.000,28.872,Reward
90032,0.000,0.000,35.252,Reward
90150,0.000,0.000,41.141,Reward
90245,0.000,0.000,35.252,Reward
90306,0.000,0.000,24.866,Reward
90432,0.000,0.000,43.005,Reward
90599,0.000,0.000,51.785,Reward
90741,0.000,0.000,47.014,Reward
90836,0.000,0.000,35.900,Reward
90970,0.000,0.000,44.782,Reward
91071,0.000,0.000,37.500,Reward
91156,0.000,0.000,32.422,Reward
91323,0.000,0.000,51.785,Reward
91448,0.000,0.000,42.777,Reward
91615,0.000,0.000,51.785,Reward
91773,0.000,0.000,50.146,Reward
91935,0.000,0.000,50.388,Reward
92041,0.000,0.000,38.789,Reward
92208,0.000,0.000,51.785,Reward
92310,0.000,0.000,37.132,Reward
92350,0.000,0.000,18.071,Reward
92410,0.000,0.000,25.281,Reward
92506,0.000,0.000,35.526,Reward
92673,0.000,0.000,51.785,Reward
92840,0.000,0.000,51.785,Reward
93007,0.000,0.000,51.785,Reward
93071,0.000,0.000,25.874,Reward
93118,0.000,0.000,19.899,Reward
93196,0.000,0.000,31.031,Reward
93272,0.000,0.000,29.721,Reward
93377,0.000,0.000,37.914,Reward
93536,0.000,0.000,50.332,Reward
93639,0.000,0.000,37.394,Reward
93738,0.000,0.000,36.336,Reward
93894,0.000,0.000,49.262,Reward
94061,0.000,0.000,51.785,Reward
94123,0.000,0.000,25.205,Reward
94236,0.000,0.000,40.530,Reward
94336,0.000,0.000,37.237,Reward
94490,0.000,0.000,49.390,Reward
94657,0.000,0.000,51.785,Reward
94737,0.000,0.000,31.631,Reward
94838,0.000,0.000,36.869,Reward
95005,0.000,0.000,51.785,Reward
95161,0.000,0.000,49.262,Reward
95257,0.000,0.000,36.170,Reward
95424,0.000,0.000,51.785,Reward
95558,0.000,0.000,44.782,Reward
95655,0.000,0.000,35.798,Reward
95784,0.000,0.000,43.681,Reward
95868,0.000,0.000,32.808,Reward
95898,0.000,0.000,13.233,Reward
96034,0.000,0.000,45.214,Reward
96201,0.000,0.000,51.785,Reward
96368,0.000,0.000,51.785,Reward
96436,0.000,0.000,27.917,Reward
96569,0.000,0.000,44.565,Reward
96675,0.000,0.000,38.171,Reward
96842,0.000,0.000,51.785,Reward
96889,0.000,0.000,19.899,Reward
96926,0.000,0.000,16.067,Reward
97093,0.000,0.000,51.785,Reward
97173,0.000,0.000,31.631,Reward
97340,0.000,0.000,51.785,Reward
97492,0.000,0.000,48.490,Reward
97659,0.000,0.000,51.785,Reward
97774,0.000,0.000,41.014,Reward
97848,0.000,0.000,29.809,Reward
97959,0.000,0.000,39.434,Reward
97997,0.000,0.000,17.297,Reward
98134,0.000,0.000,45.974,Reward
98248,0.000,0.000,40.174,Reward
98294,0.000,0.000,20.332,Reward
98461,0.000,0.000,51.785,Reward
98542,0.000,0.000,31.928,Reward
98658,0.000,0.000,40.660,Reward
98789,0.000,0.000,44.126,Reward
98956,0.000,0.000,51.785,Reward
99114,0.000,0.000,50.146,Reward
99242,0.000,0.000,43.457,Reward
99381,0.000,0.000,46.393,Reward
99502,0.000,0.000,41.850,Reward
99669,0.000,0.000,51.785,Reward
99786,0.000,0.000,40.901,Reward
99853,0.000,0.000,26.864,Reward
99975,0.000,0.000,42.084,Reward
100000,0.000,0.000,12.017,Reward
